id,class
12001,9
12002,15
12003,3
12004,1
12005,7
12006,16
12007,18
12008,1
12009,15
12010,7
12011,10
12012,15
12013,9
12014,14
12015,8
12016,3
12017,1
12018,6
12019,1
12020,15
12021,14
12022,18
12023,9
12024,9
12025,9
12026,15
12027,7
12028,15
12029,2
12030,5
12031,17
12032,5
12033,5
12034,9
12035,4
12036,19
12037,7
12038,3
12039,6
12040,4
12041,7
12042,17
12043,7
12044,14
12045,10
12046,13
12047,17
12048,4
12049,13
12050,13
12051,18
12052,15
12053,19
12054,10
12055,4
12056,13
12057,5
12058,18
12059,17
12060,9
12061,12
12062,2
12063,1
12064,14
12065,11
12066,18
12067,8
12068,14
12069,1
12070,5
12071,12
12072,11
12073,5
12074,5
12075,16
12076,15
12077,20
12078,13
12079,3
12080,2
12081,3
12082,19
12083,4
12084,10
12085,17
12086,20
12087,3
12088,8
12089,8
12090,5
12091,10
12092,5
12093,11
12094,4
12095,16
12096,1
12097,8
12098,4
12099,2
12100,10
12101,9
12102,9
12103,12
12104,16
12105,6
12106,1
12107,12
12108,17
12109,3
12110,16
12111,7
12112,16
12113,11
12114,9
12115,9
12116,14
12117,14
12118,10
12119,17
12120,17
12121,10
12122,2
12123,12
12124,12
12125,14
12126,14
12127,12
12128,11
12129,4
12130,4
12131,6
12132,7
12133,3
12134,6
12135,11
12136,9
12137,6
12138,11
12139,12
12140,18
12141,5
12142,12
12143,8
12144,9
12145,8
12146,7
12147,3
12148,13
12149,18
12150,8
12151,3
12152,14
12153,6
12154,6
12155,16
12156,8
12157,17
12158,15
12159,4
12160,5
12161,10
12162,17
12163,9
12164,19
12165,9
12166,8
12167,18
12168,15
12169,4
12170,4
12171,10
12172,12
12173,16
12174,12
12175,5
12176,7
12177,4
12178,16
12179,10
12180,9
12181,10
12182,9
12183,16
12184,12
12185,16
12186,8
12187,10
12188,18
12189,4
12190,7
12191,5
12192,15
12193,10
12194,19
12195,16
12196,10
12197,12
12198,14
12199,18
12200,18
12201,15
12202,17
12203,7
12204,19
12205,15
12206,14
12207,20
12208,9
12209,19
12210,13
12211,15
12212,8
12213,14
12214,5
12215,18
12216,4
12217,7
12218,11
12219,3
12220,5
12221,9
12222,4
12223,17
12224,19
12225,8
12226,9
12227,19
12228,5
12229,1
12230,12
12231,15
12232,19
12233,9
12234,16
12235,8
12236,8
12237,6
12238,18
12239,12
12240,14
12241,14
12242,1
12243,18
12244,7
12245,6
12246,6
12247,18
12248,5
12249,20
12250,4
12251,12
12252,10
12253,15
12254,7
12255,15
12256,12
12257,4
12258,9
12259,8
12260,17
12261,16
12262,3
12263,11
12264,13
12265,13
12266,7
12267,20
12268,17
12269,4
12270,14
12271,8
12272,11
12273,17
12274,17
12275,18
12276,4
12277,2
12278,9
12279,9
12280,12
12281,12
12282,14
12283,6
12284,11
12285,12
12286,17
12287,2
12288,6
12289,20
12290,7
12291,12
12292,16
12293,13
12294,13
12295,7
12296,7
12297,17
12298,12
12299,5
12300,9
12301,18
12302,3
12303,17
12304,5
12305,9
12306,3
12307,9
12308,7
12309,14
12310,13
12311,5
12312,12
12313,5
12314,11
12315,3
12316,6
12317,14
12318,11
12319,19
12320,5
12321,3
12322,2
12323,18
12324,5
12325,9
12326,18
12327,10
12328,20
12329,2
12330,14
12331,13
12332,10
12333,10
12334,14
12335,2
12336,14
12337,15
12338,10
12339,10
12340,16
12341,13
12342,9
12343,13
12344,3
12345,8
12346,2
12347,8
12348,12
12349,10
12350,15
12351,19
12352,18
12353,7
12354,16
12355,2
12356,2
12357,17
12358,14
12359,13
12360,8
12361,5
12362,1
12363,7
12364,3
12365,1
12366,3
12367,8
12368,7
12369,18
12370,20
12371,15
12372,5
12373,1
12374,7
12375,7
12376,1
12377,11
12378,11
12379,8
12380,1
12381,7
12382,13
12383,10
12384,16
12385,13
12386,14
12387,7
12388,2
12389,16
12390,13
12391,17
12392,13
12393,17
12394,10
12395,16
12396,6
12397,1
12398,18
12399,2
12400,2
12401,3
12402,10
12403,17
12404,9
12405,16
12406,17
12407,12
12408,6
12409,12
12410,9
12411,10
12412,12
12413,16
12414,14
12415,10
12416,10
12417,12
12418,14
12419,16
12420,9
12421,8
12422,10
12423,9
12424,6
12425,15
12426,1
12427,19
12428,13
12429,14
12430,20
12431,12
12432,14
12433,5
12434,7
12435,19
12436,15
12437,13
12438,18
12439,8
12440,17
12441,15
12442,18
12443,13
12444,11
12445,5
12446,11
12447,7
12448,7
12449,10
12450,4
12451,9
12452,20
12453,15
12454,4
12455,2
12456,11
12457,14
12458,7
12459,12
12460,16
12461,6
12462,9
12463,6
12464,18
12465,18
12466,16
12467,3
12468,13
12469,2
12470,14
12471,18
12472,16
12473,17
12474,20
12475,15
12476,2
12477,7
12478,18
12479,10
12480,9
12481,14
12482,10
12483,7
12484,6
12485,18
12486,8
12487,9
12488,15
12489,6
12490,11
12491,15
12492,6
12493,17
12494,4
12495,11
12496,11
12497,6
12498,5
12499,5
12500,5
12501,11
12502,13
12503,8
12504,15
12505,18
12506,11
12507,9
12508,6
12509,16
12510,20
12511,7
12512,5
12513,10
12514,5
12515,9
12516,1
12517,18
12518,20
12519,20
12520,18
12521,19
12522,13
12523,11
12524,8
12525,1
12526,16
12527,10
12528,16
12529,14
12530,12
12531,4
12532,15
12533,1
12534,18
12535,8
12536,3
12537,4
12538,10
12539,20
12540,14
12541,7
12542,8
12543,8
12544,12
12545,1
12546,19
12547,3
12548,9
12549,2
12550,9
12551,15
12552,5
12553,15
12554,2
12555,6
12556,5
12557,16
12558,7
12559,13
12560,15
12561,6
12562,20
12563,7
12564,5
12565,15
12566,11
12567,2
12568,6
12569,18
12570,5
12571,17
12572,17
12573,8
12574,3
12575,19
12576,20
12577,17
12578,5
12579,18
12580,9
12581,2
12582,12
12583,12
12584,9
12585,12
12586,11
12587,6
12588,17
12589,16
12590,6
12591,15
12592,8
12593,7
12594,8
12595,8
12596,10
12597,17
12598,4
12599,14
12600,9
12601,16
12602,6
12603,20
12604,16
12605,11
12606,3
12607,15
12608,6
12609,2
12610,12
12611,4
12612,8
12613,6
12614,7
12615,16
12616,11
12617,15
12618,14
12619,6
12620,14
12621,1
12622,4
12623,8
12624,9
12625,19
12626,2
12627,12
12628,12
12629,9
12630,17
12631,17
12632,3
12633,19
12634,20
12635,4
12636,17
12637,10
12638,17
12639,4
12640,19
12641,9
12642,13
12643,11
12644,13
12645,10
12646,8
12647,5
12648,6
12649,10
12650,6
12651,3
12652,5
12653,6
12654,9
12655,12
12656,16
12657,7
12658,7
12659,12
12660,8
12661,19
12662,19
12663,9
12664,20
12665,3
12666,2
12667,12
12668,5
12669,7
12670,7
12671,3
12672,1
12673,5
12674,8
12675,9
12676,14
12677,15
12678,10
12679,6
12680,10
12681,6
12682,14
12683,11
12684,11
12685,5
12686,15
12687,8
12688,20
12689,5
12690,6
12691,13
12692,17
12693,11
12694,10
12695,12
12696,9
12697,18
12698,12
12699,1
12700,2
12701,14
12702,10
12703,1
12704,12
12705,12
12706,17
12707,14
12708,16
12709,18
12710,12
12711,17
12712,18
12713,10
12714,20
12715,12
12716,14
12717,5
12718,6
12719,5
12720,1
12721,16
12722,6
12723,11
12724,5
12725,8
12726,19
12727,13
12728,5
12729,10
12730,13
12731,15
12732,12
12733,9
12734,8
12735,10
12736,14
12737,17
12738,13
12739,18
12740,1
12741,7
12742,2
12743,15
12744,10
12745,18
12746,18
12747,19
12748,19
12749,16
12750,5
12751,1
12752,11
12753,17
12754,7
12755,15
12756,18
12757,17
12758,3
12759,10
12760,5
12761,15
12762,1
12763,14
12764,9
12765,18
12766,17
12767,17
12768,19
12769,10
12770,18
12771,3
12772,8
12773,1
12774,12
12775,16
12776,15
12777,13
12778,2
12779,3
12780,13
12781,18
12782,10
12783,10
12784,20
12785,5
12786,13
12787,9
12788,2
12789,9
12790,16
12791,1
12792,16
12793,8
12794,12
12795,5
12796,4
12797,20
12798,12
12799,20
12800,3
12801,1
12802,18
12803,2
12804,19
12805,18
12806,4
12807,7
12808,5
12809,9
12810,2
12811,15
12812,1
12813,11
12814,3
12815,13
12816,18
12817,6
12818,14
12819,16
12820,5
12821,9
12822,8
12823,6
12824,12
12825,5
12826,15
12827,14
12828,15
12829,12
12830,2
12831,1
12832,1
12833,3
12834,8
12835,9
12836,16
12837,17
12838,19
12839,18
12840,7
12841,4
12842,3
12843,5
12844,19
12845,2
12846,14
12847,8
12848,4
12849,12
12850,6
12851,20
12852,17
12853,3
12854,18
12855,11
12856,1
12857,8
12858,2
12859,15
12860,15
12861,3
12862,1
12863,16
12864,1
12865,12
12866,15
12867,7
12868,1
12869,17
12870,7
12871,14
12872,1
12873,19
12874,3
12875,5
12876,5
12877,14
12878,12
12879,10
12880,14
12881,15
12882,20
12883,15
12884,20
12885,13
12886,7
12887,13
12888,10
12889,6
12890,16
12891,17
12892,14
12893,2
12894,14
12895,2
12896,4
12897,17
12898,16
12899,5
12900,13
12901,6
12902,14
12903,15
12904,17
12905,15
12906,9
12907,10
12908,16
12909,15
12910,9
12911,4
12912,19
12913,16
12914,19
12915,6
12916,3
12917,10
12918,14
12919,17
12920,1
12921,18
12922,4
12923,15
12924,17
12925,3
12926,3
12927,6
12928,3
12929,19
12930,2
12931,9
12932,9
12933,10
12934,2
12935,5
12936,16
12937,11
12938,20
12939,11
12940,12
12941,4
12942,17
12943,10
12944,17
12945,9
12946,11
12947,16
12948,4
12949,8
12950,17
12951,1
12952,20
12953,7
12954,3
12955,10
12956,19
12957,13
12958,3
12959,8
12960,10
12961,15
12962,13
12963,9
12964,19
12965,5
12966,14
12967,14
12968,18
12969,11
12970,17
12971,4
12972,10
12973,9
12974,5
12975,10
12976,18
12977,5
12978,18
12979,1
12980,1
12981,5
12982,4
12983,17
12984,3
12985,12
12986,13
12987,19
12988,5
12989,10
12990,9
12991,15
12992,13
12993,11
12994,9
12995,18
12996,13
12997,6
12998,13
12999,16
13000,11
13001,8
13002,17
13003,18
13004,9
13005,2
13006,8
13007,14
13008,14
13009,19
13010,13
13011,5
13012,13
13013,6
13014,7
13015,15
13016,9
13017,6
13018,11
13019,13
13020,15
13021,13
13022,10
13023,10
13024,13
13025,10
13026,11
13027,3
13028,19
13029,18
13030,10
13031,4
13032,16
13033,9
13034,13
13035,8
13036,7
13037,6
13038,17
13039,18
13040,13
13041,13
13042,10
13043,14
13044,7
13045,1
13046,18
13047,1
13048,6
13049,7
13050,5
13051,13
13052,10
13053,6
13054,11
13055,13
13056,9
13057,13
13058,14
13059,3
13060,19
13061,14
13062,4
13063,1
13064,18
13065,4
13066,16
13067,5
13068,11
13069,16
13070,3
13071,20
13072,12
13073,20
13074,4
13075,8
13076,6
13077,18
13078,13
13079,11
13080,18
13081,17
13082,9
13083,11
13084,13
13085,4
13086,1
13087,5
13088,11
13089,10
13090,13
13091,14
13092,6
13093,13
13094,7
13095,4
13096,9
13097,3
13098,13
13099,6
13100,8
13101,9
13102,13
13103,1
13104,1
13105,4
13106,11
13107,6
13108,4
13109,18
13110,14
13111,20
13112,9
13113,18
13114,1
13115,2
13116,15
13117,4
13118,13
13119,9
13120,14
13121,14
13122,1
13123,10
13124,8
13125,8
13126,6
13127,14
13128,1
13129,15
13130,11
13131,8
13132,18
13133,14
13134,16
13135,18
13136,10
13137,5
13138,18
13139,12
13140,9
13141,12
13142,15
13143,16
13144,12
13145,13
13146,6
13147,18
13148,7
13149,12
13150,17
13151,14
13152,2
13153,6
13154,18
13155,12
13156,6
13157,12
13158,13
13159,7
13160,6
13161,15
13162,12
13163,16
13164,9
13165,8
13166,7
13167,13
13168,17
13169,16
13170,6
13171,19
13172,9
13173,2
13174,14
13175,11
13176,5
13177,13
13178,10
13179,20
13180,2
13181,8
13182,6
13183,4
13184,10
13185,6
13186,18
13187,4
13188,10
13189,6
13190,10
13191,16
13192,14
13193,8
13194,18
13195,17
13196,8
13197,16
13198,7
13199,20
13200,3
13201,6
13202,3
13203,13
13204,14
13205,7
13206,6
13207,4
13208,13
13209,9
13210,20
13211,6
13212,2
13213,9
13214,7
13215,4
13216,11
13217,7
13218,7
13219,15
13220,11
13221,12
13222,6
13223,3
13224,13
13225,12
13226,1
13227,9
13228,12
13229,17
13230,8
13231,7
13232,17
13233,5
13234,15
13235,20
13236,16
13237,14
13238,9
13239,11
13240,9
13241,12
13242,6
13243,3
13244,17
13245,5
13246,14
13247,18
13248,5
13249,10
13250,11
13251,15
13252,9
13253,15
13254,11
13255,6
13256,9
13257,1
13258,14
13259,12
13260,5
13261,20
13262,15
13263,14
13264,12
13265,9
13266,12
13267,14
13268,17
13269,18
13270,7
13271,17
13272,10
13273,12
13274,19
13275,16
13276,11
13277,11
13278,15
13279,19
13280,13
13281,4
13282,5
13283,20
13284,8
13285,18
13286,16
13287,16
13288,17
13289,8
13290,1
13291,8
13292,9
13293,6
13294,8
13295,2
13296,8
13297,5
13298,1
13299,17
13300,3
13301,15
13302,12
13303,3
13304,4
13305,18
13306,15
13307,10
13308,15
13309,8
13310,5
13311,1
13312,2
13313,1
13314,11
13315,16
13316,5
13317,10
13318,5
13319,20
13320,4
13321,9
13322,5
13323,2
13324,18
13325,17
13326,8
13327,9
13328,17
13329,10
13330,4
13331,9
13332,17
13333,1
13334,15
13335,9
13336,11
13337,4
13338,14
13339,8
13340,19
13341,5
13342,6
13343,8
13344,4
13345,12
13346,15
13347,5
13348,12
13349,11
13350,6
13351,4
13352,2
13353,3
13354,17
13355,13
13356,17
13357,10
13358,4
13359,20
13360,15
13361,9
13362,19
13363,15
13364,7
13365,3
13366,5
13367,19
13368,7
13369,17
13370,13
13371,8
13372,7
13373,10
13374,7
13375,11
13376,4
13377,12
13378,11
13379,16
13380,20
13381,12
13382,6
13383,19
13384,8
13385,7
13386,3
13387,13
13388,13
13389,14
13390,8
13391,15
13392,2
13393,19
13394,5
13395,5
13396,5
13397,5
13398,3
13399,16
13400,16
13401,9
13402,11
13403,9
13404,20
13405,17
13406,14
13407,2
13408,12
13409,9
13410,16
13411,19
13412,10
13413,9
13414,17
13415,9
13416,16
13417,8
13418,16
13419,7
13420,14
13421,16
13422,17
13423,14
13424,18
13425,10
13426,14
13427,7
13428,2
13429,7
13430,5
13431,17
13432,9
13433,3
13434,1
13435,9
13436,16
13437,14
13438,13
13439,3
13440,3
13441,3
13442,19
13443,6
13444,17
13445,5
13446,1
13447,16
13448,6
13449,8
13450,16
13451,6
13452,4
13453,1
13454,19
13455,2
13456,2
13457,11
13458,13
13459,10
13460,4
13461,2
13462,16
13463,2
13464,14
13465,15
13466,2
13467,10
13468,3
13469,4
13470,17
13471,12
13472,9
13473,12
13474,7
13475,20
13476,19
13477,5
13478,18
13479,1
13480,3
13481,10
13482,19
13483,9
13484,12
13485,10
13486,2
13487,15
13488,13
13489,7
13490,9
13491,10
13492,18
13493,1
13494,5
13495,11
13496,7
13497,17
13498,4
13499,11
13500,16
13501,1
13502,12
13503,14
13504,9
13505,6
13506,18
13507,8
13508,14
13509,8
13510,18
13511,18
13512,8
13513,14
13514,11
13515,5
13516,8
13517,3
13518,9
13519,10
13520,11
13521,7
13522,17
13523,7
13524,14
13525,2
13526,17
13527,11
13528,1
13529,16
13530,13
13531,2
13532,14
13533,20
13534,1
13535,18
13536,6
13537,4
13538,15
13539,14
13540,6
13541,3
13542,16
13543,11
13544,16
13545,10
13546,9
13547,6
13548,14
13549,20
13550,18
13551,5
13552,16
13553,16
13554,11
13555,6
13556,1
13557,5
13558,2
13559,7
13560,2
13561,18
13562,5
13563,1
13564,11
13565,12
13566,16
13567,14
13568,14
13569,17
13570,11
13571,2
13572,14
13573,7
13574,15
13575,10
13576,20
13577,9
13578,1
13579,5
13580,11
13581,13
13582,4
13583,6
13584,16
13585,8
13586,16
13587,10
13588,12
13589,7
13590,6
13591,7
13592,1
13593,3
13594,10
13595,16
13596,19
13597,8
13598,5
13599,18
13600,12
13601,14
13602,14
13603,4
13604,4
13605,11
13606,16
13607,4
13608,13
13609,7
13610,11
13611,1
13612,12
13613,16
13614,6
13615,8
13616,5
13617,8
13618,7
13619,7
13620,6
13621,16
13622,3
13623,15
13624,20
13625,17
13626,17
13627,2
13628,18
13629,4
13630,4
13631,5
13632,17
13633,15
13634,4
13635,5
13636,3
13637,3
13638,17
13639,11
13640,20
13641,2
13642,6
13643,15
13644,15
13645,11
13646,20
13647,17
13648,12
13649,16
13650,4
13651,1
13652,3
13653,12
13654,8
13655,18
13656,9
13657,6
13658,3
13659,18
13660,20
13661,20
13662,5
13663,13
13664,1
13665,11
13666,18
13667,3
13668,1
13669,9
13670,3
13671,16
13672,18
13673,15
13674,16
13675,10
13676,4
13677,17
13678,12
13679,16
13680,16
13681,9
13682,3
13683,18
13684,9
13685,7
13686,4
13687,2
13688,15
13689,20
13690,15
13691,1
13692,4
13693,5
13694,10
13695,4
13696,16
13697,12
13698,15
13699,1
13700,10
13701,2
13702,15
13703,10
13704,13
13705,11
13706,1
13707,6
13708,1
13709,16
13710,8
13711,14
13712,15
13713,14
13714,11
13715,18
13716,12
13717,10
13718,20
13719,14
13720,12
13721,8
13722,19
13723,5
13724,2
13725,4
13726,9
13727,19
13728,10
13729,14
13730,10
13731,15
13732,6
13733,8
13734,4
13735,8
13736,16
13737,5
13738,16
13739,16
13740,15
13741,13
13742,2
13743,14
13744,6
13745,15
13746,17
13747,4
13748,19
13749,19
13750,1
13751,6
13752,4
13753,2
13754,8
13755,12
13756,16
13757,8
13758,12
13759,7
13760,14
13761,20
13762,11
13763,14
13764,10
13765,6
13766,9
13767,10
13768,6
13769,2
13770,13
13771,8
13772,16
13773,7
13774,2
13775,19
13776,19
13777,13
13778,7
13779,16
13780,2
13781,5
13782,11
13783,18
13784,14
13785,15
13786,19
13787,13
13788,13
13789,2
13790,4
13791,11
13792,10
13793,8
13794,17
13795,3
13796,10
13797,11
13798,3
13799,8
13800,17
13801,15
13802,13
13803,15
13804,17
13805,4
13806,7
13807,12
13808,4
13809,9
13810,16
13811,11
13812,11
13813,15
13814,12
13815,8
13816,12
13817,16
13818,10
13819,11
13820,18
13821,10
13822,9
13823,19
13824,6
13825,10
13826,18
13827,2
13828,4
13829,13
13830,4
13831,12
13832,19
13833,17
13834,13
13835,14
13836,8
13837,20
13838,15
13839,20
13840,11
13841,14
13842,9
13843,10
13844,7
13845,10
13846,2
13847,11
13848,16
13849,11
13850,12
13851,7
13852,3
13853,12
13854,5
13855,9
13856,5
13857,17
13858,6
13859,17
13860,12
13861,13
13862,11
13863,15
13864,2
13865,5
13866,14
13867,12
13868,5
13869,12
13870,7
13871,2
13872,15
13873,8
13874,14
13875,11
13876,14
13877,13
13878,8
13879,15
13880,12
13881,2
13882,20
13883,17
13884,17
13885,15
13886,14
13887,3
13888,7
13889,18
13890,17
13891,1
13892,12
13893,15
13894,19
13895,18
13896,7
13897,16
13898,7
13899,18
13900,9
13901,13
13902,14
13903,16
13904,15
13905,13
13906,15
13907,6
13908,17
13909,5
13910,10
13911,3
13912,12
13913,14
13914,19
13915,11
13916,11
13917,13
13918,3
13919,17
13920,10
13921,18
13922,12
13923,18
13924,16
13925,11
13926,11
13927,4
13928,6
13929,3
13930,10
13931,19
13932,18
13933,12
13934,18
13935,1
13936,1
13937,15
13938,9
13939,19
13940,18
13941,17
13942,19
13943,8
13944,5
13945,15
13946,5
13947,16
13948,3
13949,13
13950,15
13951,4
13952,5
13953,13
13954,8
13955,8
13956,7
13957,3
13958,16
13959,12
13960,18
13961,4
13962,13
13963,7
13964,20
13965,1
13966,4
13967,12
13968,19
13969,2
13970,14
13971,13
13972,2
13973,10
13974,16
13975,2
13976,18
13977,10
13978,18
13979,7
13980,3
13981,11
13982,11
13983,3
13984,19
13985,14
13986,2
13987,3
13988,18
13989,11
13990,11
13991,4
13992,17
13993,8
13994,3
13995,11
13996,9
13997,12
13998,18
13999,18
14000,9
14001,19
14002,13
14003,10
14004,4
14005,3
14006,16
14007,3
14008,12
14009,15
14010,4
14011,12
14012,6
14013,20
14014,13
14015,9
14016,15
14017,9
14018,2
14019,20
14020,2
14021,11
14022,12
14023,2
14024,8
14025,10
14026,9
14027,14
14028,4
14029,14
14030,6
14031,5
14032,20
14033,18
14034,18
14035,1
14036,7
14037,1
14038,17
14039,4
14040,8
14041,10
14042,20
14043,1
14044,11
14045,12
14046,13
14047,7
14048,4
14049,10
14050,20
14051,17
14052,1
14053,3
14054,10
14055,6
14056,9
14057,7
14058,15
14059,1
14060,6
14061,10
14062,15
14063,14
14064,2
14065,20
14066,5
14067,15
14068,18
14069,18
14070,17
14071,2
14072,20
14073,6
14074,20
14075,7
14076,18
14077,9
14078,16
14079,12
14080,18
14081,19
14082,6
14083,10
14084,14
14085,6
14086,11
14087,15
14088,13
14089,8
14090,17
14091,3
14092,5
14093,17
14094,6
14095,5
14096,14
14097,11
14098,8
14099,6
14100,4
14101,1
14102,19
14103,7
14104,19
14105,7
14106,2
14107,12
14108,17
14109,20
14110,14
14111,13
14112,8
14113,3
14114,1
14115,11
14116,20
14117,19
14118,3
14119,4
14120,16
14121,10
14122,14
14123,6
14124,1
14125,4
14126,15
14127,14
14128,15
14129,16
14130,18
14131,16
14132,18
14133,2
14134,16
14135,16
14136,17
14137,15
14138,15
14139,4
14140,11
14141,7
14142,11
14143,9
14144,20
14145,2
14146,3
14147,12
14148,12
14149,16
14150,3
14151,15
14152,15
14153,5
14154,4
14155,15
14156,18
14157,13
14158,16
14159,17
14160,1
14161,13
14162,1
14163,12
14164,3
14165,15
14166,11
14167,5
14168,10
14169,6
14170,5
14171,8
14172,14
14173,4
14174,17
14175,16
14176,17
14177,12
14178,8
14179,15
14180,1
14181,12
14182,5
14183,1
14184,4
14185,11
14186,17
14187,17
14188,10
14189,13
14190,14
14191,18
14192,1
14193,18
14194,15
14195,8
14196,20
14197,2
14198,9
14199,4
14200,1
14201,11
14202,11
14203,13
14204,1
14205,6
14206,3
14207,15
14208,16
14209,8
14210,20
14211,20
14212,8
14213,4
14214,12
14215,17
14216,2
14217,17
14218,5
14219,12
14220,17
14221,5
14222,1
14223,11
14224,13
14225,16
14226,20
14227,1
14228,13
14229,6
14230,1
14231,20
14232,12
14233,14
14234,10
14235,19
14236,9
14237,17
14238,11
14239,11
14240,12
14241,9
14242,4
14243,15
14244,18
14245,14
14246,20
14247,6
14248,12
14249,3
14250,16
14251,18
14252,11
14253,10
14254,4
14255,14
14256,20
14257,19
14258,3
14259,10
14260,11
14261,6
14262,14
14263,16
14264,13
14265,15
14266,11
14267,6
14268,1
14269,10
14270,15
14271,15
14272,12
14273,11
14274,11
14275,2
14276,16
14277,11
14278,17
14279,7
14280,18
14281,13
14282,3
14283,17
14284,15
14285,13
14286,18
14287,5
14288,12
14289,9
14290,4
14291,10
14292,19
14293,3
14294,4
14295,5
14296,19
14297,15
14298,15
14299,2
14300,6
14301,3
14302,2
14303,18
14304,14
14305,9
14306,3
14307,8
14308,3
14309,8
14310,7
14311,16
14312,3
14313,8
14314,1
14315,5
14316,19
14317,7
14318,11
14319,11
14320,18
14321,10
14322,1
14323,13
14324,18
14325,6
14326,16
14327,17
14328,7
14329,16
14330,3
14331,12
14332,18
14333,17
14334,17
14335,13
14336,9
14337,4
14338,7
14339,12
14340,12
14341,6
14342,15
14343,4
14344,11
14345,9
14346,15
14347,8
14348,19
14349,16
14350,12
14351,6
14352,4
14353,17
14354,19
14355,6
14356,13
14357,4
14358,6
14359,11
14360,2
14361,8
14362,1
14363,13
14364,4
14365,10
14366,14
14367,13
14368,17
14369,19
14370,15
14371,5
14372,9
14373,4
14374,1
14375,14
14376,13
14377,1
14378,3
14379,17
14380,15
14381,15
14382,9
14383,14
14384,7
14385,10
14386,15
14387,2
14388,11
14389,13
14390,3
14391,11
14392,11
14393,20
14394,16
14395,17
14396,6
14397,1
14398,6
14399,9
14400,6
14401,13
14402,8
14403,13
14404,2
14405,11
14406,6
14407,8
14408,1
14409,15
14410,17
14411,7
14412,15
14413,6
14414,14
14415,12
14416,19
14417,5
14418,10
14419,10
14420,9
14421,14
14422,14
14423,14
14424,3
14425,5
14426,6
14427,17
14428,5
14429,10
14430,7
14431,18
14432,12
14433,15
14434,15
14435,10
14436,4
14437,14
14438,12
14439,20
14440,14
14441,17
14442,4
14443,9
14444,15
14445,17
14446,15
14447,15
14448,3
14449,13
14450,3
14451,15
14452,9
14453,1
14454,16
14455,15
14456,10
14457,15
14458,16
14459,3
14460,12
14461,9
14462,13
14463,16
14464,1
14465,10
14466,8
14467,6
14468,7
14469,3
14470,4
14471,20
14472,5
14473,4
14474,11
14475,19
14476,2
14477,3
14478,4
14479,5
14480,3
14481,6
14482,10
14483,9
14484,14
14485,2
14486,8
14487,16
14488,4
14489,6
14490,13
14491,18
14492,3
14493,12
14494,2
14495,6
14496,8
14497,15
14498,12
14499,3
14500,18
14501,14
14502,19
14503,20
14504,7
14505,15
14506,6
14507,11
14508,13
14509,11
14510,17
14511,17
14512,19
14513,4
14514,10
14515,11
14516,16
14517,18
14518,11
14519,7
14520,5
14521,12
14522,5
14523,13
14524,11
14525,4
14526,12
14527,2
14528,6
14529,19
14530,19
14531,15
14532,19
14533,1
14534,7
14535,10
14536,17
14537,2
14538,1
14539,8
14540,10
14541,6
14542,10
14543,13
14544,10
14545,2
14546,2
14547,16
14548,11
14549,16
14550,1
14551,1
14552,15
14553,7
14554,13
14555,16
14556,12
14557,1
14558,3
14559,6
14560,7
14561,3
14562,11
14563,17
14564,16
14565,20
14566,6
14567,10
14568,17
14569,8
14570,13
14571,13
14572,16
14573,7
14574,9
14575,4
14576,10
14577,15
14578,19
14579,18
14580,11
14581,14
14582,4
14583,8
14584,10
14585,12
14586,1
14587,14
14588,8
14589,10
14590,9
14591,20
14592,8
14593,12
14594,18
14595,19
14596,16
14597,15
14598,6
14599,6
14600,8
14601,6
14602,18
14603,7
14604,4
14605,6
14606,3
14607,12
14608,13
14609,1
14610,6
14611,6
14612,4
14613,1
14614,3
14615,2
14616,9
14617,4
14618,10
14619,7
14620,13
14621,2
14622,12
14623,17
14624,9
14625,1
14626,5
14627,6
14628,2
14629,11
14630,7
14631,7
14632,17
14633,11
14634,18
14635,17
14636,5
14637,17
14638,18
14639,17
14640,11
14641,12
14642,6
14643,10
14644,9
14645,3
14646,2
14647,14
14648,12
14649,11
14650,8
14651,17
14652,3
14653,13
14654,5
14655,3
14656,5
14657,2
14658,3
14659,18
14660,7
14661,17
14662,19
14663,5
14664,18
14665,5
14666,9
14667,10
14668,14
14669,14
14670,10
14671,8
14672,19
14673,6
14674,16
14675,20
14676,8
14677,8
14678,17
14679,1
14680,11
14681,17
14682,11
14683,18
14684,15
14685,8
14686,3
14687,16
14688,1
14689,12
14690,4
14691,20
14692,13
14693,12
14694,3
14695,12
14696,13
14697,18
14698,15
14699,13
14700,18
14701,4
14702,2
14703,12
14704,19
14705,2
14706,10
14707,15
14708,7
14709,2
14710,3
14711,5
14712,7
14713,16
14714,6
14715,7
14716,13
14717,2
14718,17
14719,11
14720,1
14721,9
14722,8
14723,20
14724,20
14725,4
14726,3
14727,12
14728,10
14729,16
14730,10
14731,6
14732,15
14733,3
14734,12
14735,18
14736,6
14737,3
14738,5
14739,9
14740,10
14741,4
14742,10
14743,6
14744,1
14745,14
14746,16
14747,14
14748,17
14749,18
14750,18
14751,14
14752,11
14753,6
14754,11
14755,6
14756,8
14757,12
14758,17
14759,11
14760,13
14761,16
14762,11
14763,20
14764,11
14765,20
14766,13
14767,10
14768,17
14769,7
14770,16
14771,6
14772,11
14773,3
14774,15
14775,16
14776,19
14777,16
14778,11
14779,7
14780,4
14781,13
14782,7
14783,12
14784,4
14785,15
14786,16
14787,1
14788,20
14789,8
14790,7
14791,19
14792,3
14793,12
14794,12
14795,10
14796,9
14797,5
14798,10
14799,4
14800,8
14801,8
14802,6
14803,18
14804,12
14805,13
14806,9
14807,14
14808,4
14809,14
14810,8
14811,18
14812,19
14813,18
14814,3
14815,8
14816,9
14817,5
14818,18
14819,5
14820,1
14821,4
14822,7
14823,8
14824,14
14825,4
14826,11
14827,11
14828,13
14829,14
14830,14
14831,11
14832,8
14833,11
14834,5
14835,17
14836,15
14837,9
14838,3
14839,12
14840,2
14841,2
14842,18
14843,6
14844,7
14845,9
14846,13
14847,11
14848,6
14849,4
14850,12
14851,17
14852,13
14853,4
14854,4
14855,12
14856,1
14857,19
14858,13
14859,4
14860,9
14861,18
14862,5
14863,15
14864,6
14865,20
14866,12
14867,18
14868,2
14869,9
14870,17
14871,17
14872,19
14873,9
14874,19
14875,16
14876,14
14877,5
14878,17
14879,4
14880,5
14881,5
14882,7
14883,17
14884,17
14885,2
14886,18
14887,18
14888,2
14889,19
14890,20
14891,14
14892,16
14893,2
14894,4
14895,19
14896,4
14897,19
14898,6
14899,3
14900,11
14901,13
14902,1
14903,3
14904,18
14905,19
14906,9
14907,10
14908,17
14909,3
14910,2
14911,1
14912,3
14913,16
14914,5
14915,20
14916,12
14917,1
14918,14
14919,16
14920,19
14921,8
14922,5
14923,11
14924,15
14925,10
14926,15
14927,8
14928,17
14929,15
14930,3
14931,17
14932,1
14933,9
14934,16
14935,4
14936,5
14937,7
14938,16
14939,7
14940,10
14941,2
14942,8
14943,4
14944,12
14945,5
14946,5
14947,10
14948,15
14949,19
14950,1
14951,14
14952,6
14953,13
14954,2
14955,9
14956,5
14957,4
14958,5
14959,12
14960,5
14961,8
14962,16
14963,5
14964,3
14965,9
14966,3
14967,2
14968,6
14969,9
14970,2
14971,8
14972,13
14973,9
14974,11
14975,18
14976,3
14977,14
14978,19
14979,1
14980,2
14981,2
14982,19
14983,20
14984,9
14985,16
14986,16
14987,8
14988,14
14989,10
14990,17
14991,5
14992,7
14993,9
14994,7
14995,7
14996,15
14997,19
14998,12
14999,6
15000,16
15001,5
15002,12
15003,7
15004,16
15005,12
15006,10
15007,19
15008,4
15009,18
15010,11
15011,11
15012,16
15013,8
15014,7
15015,7
15016,13
15017,15
15018,11
15019,3
15020,17
15021,10
15022,13
15023,15
15024,1
15025,16
15026,12
15027,19
15028,6
15029,10
15030,5
15031,8
15032,18
15033,15
15034,2
15035,5
15036,15
15037,1
15038,4
15039,5
15040,5
15041,6
15042,12
15043,5
15044,15
15045,5
15046,10
15047,18
15048,18
15049,17
15050,15
15051,18
15052,6
15053,6
15054,18
15055,17
15056,20
15057,16
15058,15
15059,9
15060,5
15061,6
15062,8
15063,3
15064,9
15065,17
15066,9
15067,9
15068,7
15069,17
15070,8
15071,7
15072,9
15073,8
15074,7
15075,18
15076,15
15077,2
15078,13
15079,2
15080,2
15081,14
15082,18
15083,8
15084,19
15085,4
15086,16
15087,17
15088,8
15089,14
15090,1
15091,2
15092,8
15093,15
15094,14
15095,18
15096,1
15097,7
15098,6
15099,1
15100,8
15101,11
15102,13
15103,13
15104,5
15105,17
15106,11
15107,19
15108,8
15109,18
15110,15
15111,12
15112,14
15113,7
15114,12
15115,11
15116,13
15117,17
15118,15
15119,6
15120,1
15121,20
15122,9
15123,2
15124,10
15125,13
15126,20
15127,9
15128,4
15129,10
15130,11
15131,17
15132,7
15133,12
15134,7
15135,3
15136,14
15137,17
15138,4
15139,11
15140,9
15141,6
15142,17
15143,13
15144,3
15145,6
15146,15
15147,8
15148,18
15149,20
15150,19
15151,8
15152,13
15153,8
15154,19
15155,16
15156,19
15157,6
15158,4
15159,10
15160,13
15161,10
15162,4
15163,15
15164,10
15165,10
15166,11
15167,5
15168,8
15169,11
15170,12
15171,15
15172,11
15173,18
15174,4
15175,15
15176,13
15177,11
15178,9
15179,10
15180,20
15181,1
15182,10
15183,3
15184,15
15185,17
15186,9
15187,12
15188,13
15189,9
15190,16
15191,12
15192,16
15193,13
15194,17
15195,1
15196,3
15197,10
15198,10
15199,11
15200,3
15201,9
15202,2
15203,14
15204,6
15205,15
15206,13
15207,3
15208,10
15209,11
15210,2
15211,12
15212,19
15213,13
15214,4
15215,12
15216,7
15217,2
15218,12
15219,2
15220,2
15221,19
15222,13
15223,7
15224,8
15225,5
15226,6
15227,10
15228,9
15229,18
15230,19
15231,7
15232,12
15233,3
15234,6
15235,14
15236,5
15237,7
15238,12
15239,17
15240,8
15241,16
15242,15
15243,16
15244,12
15245,7
15246,12
15247,17
15248,6
15249,12
15250,10
15251,16
15252,20
15253,12
15254,13
15255,12
15256,10
15257,9
15258,9
15259,18
15260,16
15261,7
15262,5
15263,15
15264,3
15265,11
15266,5
15267,1
15268,2
15269,7
15270,8
15271,10
15272,4
15273,19
15274,10
15275,7
15276,9
15277,16
15278,17
15279,3
15280,8
15281,12
15282,10
15283,12
15284,14
15285,5
15286,16
15287,3
15288,17
15289,14
15290,5
15291,3
15292,10
15293,13
15294,17
15295,2
15296,15
15297,1
15298,17
15299,12
15300,6
15301,6
15302,3
15303,6
15304,8
15305,10
15306,4
15307,9
15308,15
15309,19
15310,2
15311,14
15312,20
15313,2
15314,16
15315,15
15316,8
15317,4
15318,4
15319,15
15320,5
15321,9
15322,15
15323,4
15324,13
15325,18
15326,16
15327,8
15328,16
15329,10
15330,20
15331,19
15332,16
15333,7
15334,12
15335,20
15336,13
15337,14
15338,5
15339,1
15340,20
15341,18
15342,7
15343,17
15344,3
15345,12
15346,2
15347,5
15348,4
15349,17
15350,18
15351,7
15352,3
15353,7
15354,5
15355,12
15356,5
15357,7
15358,5
15359,9
15360,3
15361,13
15362,6
15363,2
15364,17
15365,10
15366,10
15367,12
15368,5
15369,18
15370,13
15371,11
15372,20
15373,15
15374,18
15375,5
15376,9
15377,1
15378,6
15379,17
15380,17
15381,20
15382,10
15383,18
15384,11
15385,13
15386,14
15387,3
15388,8
15389,2
15390,19
15391,11
15392,10
15393,8
15394,17
15395,1
15396,8
15397,19
15398,20
15399,19
15400,11
15401,16
15402,7
15403,9
15404,3
15405,17
15406,12
15407,10
15408,4
15409,3
15410,17
15411,9
15412,5
15413,18
15414,4
15415,17
15416,7
15417,12
15418,17
15419,14
15420,3
15421,1
15422,3
15423,4
15424,13
15425,20
15426,18
15427,9
15428,6
15429,13
15430,12
15431,18
15432,17
15433,10
15434,8
15435,1
15436,10
15437,17
15438,7
15439,7
15440,18
15441,19
15442,19
15443,18
15444,10
15445,9
15446,10
15447,10
15448,17
15449,2
15450,6
15451,12
15452,15
15453,1
15454,9
15455,6
15456,9
15457,5
15458,5
15459,18
15460,15
15461,14
15462,12
15463,2
15464,1
15465,6
15466,5
15467,6
15468,1
15469,14
15470,6
15471,16
15472,17
15473,17
15474,7
15475,19
15476,7
15477,1
15478,13
15479,2
15480,20
15481,17
15482,19
15483,20
15484,14
15485,11
15486,6
15487,14
15488,4
15489,1
15490,9
15491,7
15492,20
15493,1
15494,2
15495,6
15496,15
15497,15
15498,19
15499,12
15500,5
15501,15
15502,17
15503,6
15504,15
15505,7
15506,18
15507,13
15508,16
15509,2
15510,8
15511,1
15512,14
15513,17
15514,4
15515,13
15516,17
15517,4
15518,9
15519,20
15520,7
15521,17
15522,1
15523,11
15524,10
15525,2
15526,17
15527,7
15528,16
15529,14
15530,18
15531,9
15532,4
15533,9
15534,20
15535,17
15536,2
15537,4
15538,5
15539,12
15540,12
15541,1
15542,10
15543,16
15544,13
15545,14
15546,15
15547,1
15548,1
15549,16
15550,19
15551,14
15552,20
15553,12
15554,12
15555,18
15556,16
15557,8
15558,5
15559,4
15560,18
15561,12
15562,14
15563,11
15564,12
15565,17
15566,5
15567,10
15568,7
15569,6
15570,12
15571,8
15572,4
15573,6
15574,12
15575,9
15576,12
15577,2
15578,18
15579,3
15580,14
15581,16
15582,19
15583,8
15584,10
15585,12
15586,9
15587,4
15588,9
15589,4
15590,12
15591,11
15592,15
15593,13
15594,1
15595,8
15596,15
15597,18
15598,4
15599,15
15600,17
15601,11
15602,1
15603,4
15604,2
15605,10
15606,1
15607,7
15608,20
15609,12
15610,11
15611,18
15612,5
15613,2
15614,10
15615,8
15616,1
15617,6
15618,11
15619,19
15620,12
15621,8
15622,18
15623,13
15624,5
15625,6
15626,9
15627,19
15628,1
15629,11
15630,9
15631,6
15632,14
15633,4
15634,6
15635,8
15636,5
15637,2
15638,18
15639,19
15640,12
15641,15
15642,2
15643,15
15644,5
15645,6
15646,8
15647,19
15648,14
15649,4
15650,3
15651,16
15652,15
15653,2
15654,14
15655,11
15656,12
15657,20
15658,1
15659,10
15660,13
15661,12
15662,6
15663,8
15664,11
15665,1
15666,11
15667,1
15668,16
15669,15
15670,19
15671,15
15672,1
15673,20
15674,18
15675,2
15676,13
15677,16
15678,4
15679,7
15680,1
15681,13
15682,4
15683,15
15684,1
15685,4
15686,5
15687,13
15688,6
15689,4
15690,8
15691,7
15692,19
15693,20
15694,17
15695,19
15696,20
15697,9
15698,17
15699,16
15700,8
15701,5
15702,8
15703,14
15704,3
15705,16
15706,16
15707,1
15708,9
15709,3
15710,15
15711,5
15712,16
15713,7
15714,14
15715,9
15716,2
15717,8
15718,6
15719,17
15720,6
15721,1
15722,10
15723,5
15724,2
15725,14
15726,5
15727,12
15728,20
15729,1
15730,8
15731,11
15732,8
15733,5
15734,17
15735,3
15736,11
15737,3
15738,18
15739,8
15740,19
15741,18
15742,10
15743,11
15744,17
15745,18
15746,6
15747,20
15748,15
15749,3
15750,11
15751,16
15752,18
15753,8
15754,16
15755,6
15756,7
15757,13
15758,2
15759,13
15760,1
15761,16
15762,9
15763,1
15764,17
15765,2
15766,3
15767,15
15768,4
15769,18
15770,19
15771,17
15772,3
15773,12
15774,7
15775,15
15776,18
15777,5
15778,10
15779,7
15780,15
15781,9
15782,13
15783,8
15784,2
15785,4
15786,13
15787,2
15788,2
15789,6
15790,15
15791,5
15792,13
15793,6
15794,1
15795,14
15796,6
15797,14
15798,18
15799,6
15800,4
15801,8
15802,16
15803,19
15804,11
15805,14
15806,5
15807,17
15808,2
15809,14
15810,3
15811,1
15812,3
15813,15
15814,10
15815,16
15816,6
15817,7
15818,6
15819,18
15820,3
15821,8
15822,1
15823,18
15824,8
15825,16
15826,13
15827,13
15828,18
15829,16
15830,8
15831,9
15832,1
15833,12
15834,12
15835,8
15836,13
15837,20
15838,15
15839,5
15840,6
15841,19
15842,10
15843,13
15844,20
15845,8
15846,6
15847,8
15848,7
15849,2
15850,7
15851,12
15852,8
15853,11
15854,4
15855,5
15856,16
15857,4
15858,1
15859,18
15860,3
15861,7
15862,6
15863,18
15864,5
15865,2
15866,7
15867,16
15868,10
15869,4
15870,16
15871,1
15872,2
15873,10
15874,9
15875,14
15876,11
15877,18
15878,3
15879,12
15880,8
15881,13
15882,11
15883,8
15884,14
15885,19
15886,18
15887,14
15888,17
15889,4
15890,12
15891,19
15892,13
15893,9
15894,16
15895,20
15896,10
15897,14
15898,13
15899,15
15900,1
15901,14
15902,12
15903,2
15904,15
15905,10
15906,6
15907,1
15908,7
15909,13
15910,15
15911,13
15912,2
15913,2
15914,12
15915,14
15916,12
15917,17
15918,3
15919,11
15920,12
15921,9
15922,12
15923,14
15924,18
15925,14
15926,6
15927,2
15928,1
15929,12
15930,15
15931,7
15932,2
15933,9
15934,8
15935,4
15936,6
15937,11
15938,7
15939,16
15940,12
15941,15
15942,18
15943,6
15944,9
15945,5
15946,1
15947,11
15948,5
15949,13
15950,3
15951,11
15952,14
15953,10
15954,16
15955,3
15956,16
15957,6
15958,3
15959,3
15960,9
15961,18
15962,8
15963,19
15964,14
15965,7
15966,3
15967,4
15968,20
15969,5
15970,18
15971,4
15972,1
15973,17
15974,5
15975,10
15976,8
15977,14
15978,4
15979,11
15980,4
15981,12
15982,15
15983,2
15984,2
15985,4
15986,6
15987,3
15988,17
15989,19
15990,15
15991,4
15992,18
15993,7
15994,13
15995,1
15996,9
15997,18
15998,2
15999,9
16000,15
16001,9
16002,8
16003,19
16004,14
16005,8
16006,5
16007,6
16008,17
16009,3
16010,7
16011,5
16012,8
16013,9
16014,12
16015,16
16016,11
16017,17
16018,8
16019,2
16020,17
16021,13
16022,9
16023,4
16024,10
16025,19
16026,4
16027,5
16028,15
16029,7
16030,8
16031,1
16032,5
16033,5
16034,14
16035,1
16036,1
16037,1
16038,14
16039,8
16040,15
16041,14
16042,6
16043,7
16044,12
16045,15
16046,14
16047,3
16048,15
16049,5
16050,2
16051,10
16052,9
16053,7
16054,8
16055,2
16056,9
16057,9
16058,8
16059,2
16060,2
16061,9
16062,14
16063,16
16064,7
16065,7
16066,2
16067,6
16068,16
16069,8
16070,12
16071,10
16072,13
16073,13
16074,20
16075,8
16076,7
16077,9
16078,3
16079,6
16080,3
16081,13
16082,11
16083,17
16084,4
16085,11
16086,4
16087,13
16088,13
16089,10
16090,1
16091,11
16092,16
16093,14
16094,2
16095,14
16096,3
16097,9
16098,13
16099,4
16100,17
16101,12
16102,3
16103,14
16104,4
16105,18
16106,13
16107,10
16108,20
16109,17
16110,18
16111,8
16112,6
16113,14
16114,3
16115,7
16116,3
16117,5
16118,9
16119,5
16120,8
16121,17
16122,9
16123,5
16124,19
16125,8
16126,10
16127,19
16128,7
16129,13
16130,1
16131,15
16132,8
16133,9
16134,5
16135,3
16136,2
16137,1
16138,3
16139,10
16140,17
16141,9
16142,3
16143,4
16144,18
16145,10
16146,8
16147,10
16148,12
16149,8
16150,19
16151,16
16152,13
16153,4
16154,20
16155,16
16156,11
16157,12
16158,4
16159,16
16160,2
16161,9
16162,4
16163,9
16164,13
16165,8
16166,11
16167,12
16168,14
16169,14
16170,11
16171,1
16172,14
16173,3
16174,4
16175,17
16176,1
16177,7
16178,6
16179,5
16180,4
16181,15
16182,8
16183,6
16184,18
16185,4
16186,9
16187,7
16188,11
16189,12
16190,19
16191,16
16192,18
16193,10
16194,11
16195,3
16196,16
16197,16
16198,9
16199,6
16200,15
16201,8
16202,9
16203,6
16204,1
16205,11
16206,11
16207,15
16208,1
16209,8
16210,4
16211,12
16212,5
16213,2
16214,2
16215,7
16216,15
16217,5
16218,13
16219,11
16220,5
16221,18
16222,6
16223,13
16224,5
16225,8
16226,18
16227,19
16228,20
16229,11
16230,12
16231,11
16232,18
16233,16
16234,8
16235,2
16236,3
16237,13
16238,12
16239,7
16240,4
16241,16
16242,19
16243,8
16244,14
16245,4
16246,1
16247,13
16248,3
16249,19
16250,13
16251,9
16252,8
16253,17
16254,16
16255,17
16256,14
16257,4
16258,20
16259,4
16260,6
16261,14
16262,4
16263,8
16264,15
16265,12
16266,4
16267,20
16268,15
16269,18
16270,19
16271,12
16272,7
16273,14
16274,19
16275,13
16276,9
16277,6
16278,14
16279,8
16280,2
16281,15
16282,6
16283,10
16284,20
16285,1
16286,14
16287,13
16288,16
16289,3
16290,5
16291,10
16292,1
16293,14
16294,17
16295,9
16296,14
16297,16
16298,4
16299,4
16300,16
16301,16
16302,12
16303,7
16304,9
16305,19
16306,2
16307,1
16308,12
16309,4
16310,19
16311,19
16312,15
16313,4
16314,5
16315,19
16316,9
16317,20
16318,7
16319,14
16320,18
16321,4
16322,11
16323,18
16324,2
16325,8
16326,3
16327,2
16328,18
16329,19
16330,17
16331,9
16332,8
16333,20
16334,20
16335,9
16336,1
16337,10
16338,15
16339,18
16340,5
16341,18
16342,19
16343,3
16344,12
16345,10
16346,15
16347,11
16348,1
16349,4
16350,14
16351,19
16352,12
16353,11
16354,12
16355,3
16356,19
16357,4
16358,3
16359,15
16360,2
16361,5
16362,6
16363,8
16364,6
16365,9
16366,12
16367,8
16368,3
16369,5
16370,12
16371,7
16372,4
16373,7
16374,6
16375,5
16376,14
16377,6
16378,8
16379,11
16380,1
16381,2
16382,12
16383,9
16384,11
16385,18
16386,6
16387,3
16388,17
16389,4
16390,5
16391,5
16392,17
16393,14
16394,14
16395,13
16396,16
16397,2
16398,18
16399,3
16400,8
16401,2
16402,12
16403,14
16404,2
16405,8
16406,5
16407,3
16408,6
16409,18
16410,15
16411,20
16412,8
16413,16
16414,19
16415,6
16416,11
16417,9
16418,2
16419,20
16420,1
16421,8
16422,12
16423,19
16424,3
16425,2
16426,2
16427,14
16428,20
16429,15
16430,2
16431,3
16432,16
16433,10
16434,11
16435,14
16436,20
16437,3
16438,3
16439,12
16440,4
16441,13
16442,4
16443,1
16444,6
16445,5
16446,1
16447,12
16448,15
16449,11
16450,18
16451,2
16452,7
16453,7
16454,19
16455,6
16456,18
16457,1
16458,4
16459,13
16460,13
16461,16
16462,15
16463,4
16464,8
16465,11
16466,10
16467,17
16468,9
16469,8
16470,11
16471,5
16472,14
16473,18
16474,8
16475,6
16476,12
16477,18
16478,15
16479,14
16480,18
16481,6
16482,17
16483,15
16484,12
16485,2
16486,8
16487,3
16488,1
16489,13
16490,14
16491,13
16492,14
16493,4
16494,10
16495,15
16496,18
16497,14
16498,6
16499,11
16500,3
16501,16
16502,15
16503,13
16504,16
16505,4
16506,16
16507,15
16508,8
16509,4
16510,9
16511,10
16512,19
16513,8
16514,2
16515,19
16516,10
16517,5
16518,1
16519,1
16520,9
16521,12
16522,1
16523,13
16524,11
16525,19
16526,14
16527,16
16528,5
16529,16
16530,7
16531,13
16532,2
16533,9
16534,10
16535,14
16536,11
16537,5
16538,15
16539,1
16540,8
16541,15
16542,11
16543,11
16544,14
16545,8
16546,3
16547,2
16548,5
16549,2
16550,10
16551,8
16552,16
16553,19
16554,6
16555,3
16556,16
16557,16
16558,12
16559,2
16560,20
16561,18
16562,3
16563,13
16564,20
16565,11
16566,2
16567,3
16568,19
16569,15
16570,9
16571,10
16572,12
16573,16
16574,2
16575,6
16576,8
16577,9
16578,1
16579,3
16580,19
16581,17
16582,19
16583,20
16584,12
16585,7
16586,3
16587,8
16588,8
16589,10
16590,9
16591,12
16592,20
16593,8
16594,12
16595,1
16596,19
16597,8
16598,9
16599,17
16600,17
16601,1
16602,16
16603,8
16604,8
16605,17
16606,17
16607,1
16608,12
16609,10
16610,15
16611,18
16612,14
16613,12
16614,7
16615,2
16616,20
16617,18
16618,1
16619,11
16620,17
16621,20
16622,19
16623,18
16624,6
16625,13
16626,7
16627,19
16628,18
16629,10
16630,14
16631,15
16632,4
16633,8
16634,14
16635,19
16636,12
16637,7
16638,4
16639,5
16640,12
16641,4
16642,12
16643,16
16644,12
16645,19
16646,6
16647,20
16648,12
16649,19
16650,5
16651,15
16652,14
16653,20
16654,13
16655,10
16656,6
16657,17
16658,3
16659,4
16660,14
16661,13
16662,14
16663,15
16664,1
16665,12
16666,5
16667,1
16668,12
16669,16
16670,12
16671,13
16672,11
16673,6
16674,16
16675,8
16676,11
16677,2
16678,7
16679,13
16680,6
16681,7
16682,19
16683,12
16684,6
16685,14
16686,17
16687,3
16688,6
16689,19
16690,16
16691,12
16692,9
16693,11
16694,2
16695,12
16696,2
16697,3
16698,13
16699,7
16700,2
16701,7
16702,18
16703,20
16704,4
16705,16
16706,2
16707,6
16708,9
16709,2
16710,8
16711,4
16712,11
16713,15
16714,1
16715,14
16716,9
16717,5
16718,15
16719,10
16720,13
16721,13
16722,3
16723,14
16724,11
16725,2
16726,16
16727,13
16728,18
16729,7
16730,20
16731,19
16732,1
16733,16
16734,7
16735,14
16736,13
16737,10
16738,20
16739,16
16740,10
16741,17
16742,19
16743,7
16744,14
16745,8
16746,17
16747,2
16748,3
16749,6
16750,12
16751,14
16752,1
16753,9
16754,3
16755,11
16756,8
16757,17
16758,1
16759,2
16760,10
16761,5
16762,5
16763,11
16764,4
16765,14
16766,8
16767,4
16768,17
16769,10
16770,15
16771,20
16772,2
16773,12
16774,11
16775,6
16776,7
16777,17
16778,20
16779,7
16780,14
16781,11
16782,11
16783,3
16784,14
16785,14
16786,4
16787,4
16788,16
16789,3
16790,5
16791,8
16792,15
16793,9
16794,4
16795,14
16796,2
16797,17
16798,14
16799,15
16800,10
16801,10
16802,1
16803,2
16804,6
16805,17
16806,19
16807,4
16808,9
16809,11
16810,1
16811,17
16812,14
16813,12
16814,15
16815,15
16816,2
16817,4
16818,2
16819,8
16820,9
16821,7
16822,1
16823,6
16824,16
16825,13
16826,10
16827,10
16828,11
16829,15
16830,13
16831,16
16832,15
16833,16
16834,13
16835,20
16836,16
16837,12
16838,9
16839,19
16840,13
16841,2
16842,17
16843,4
16844,19
16845,16
16846,9
16847,18
16848,15
16849,15
16850,10
16851,10
16852,3
16853,17
16854,5
16855,19
16856,8
16857,4
16858,10
16859,12
16860,2
16861,2
16862,19
16863,4
16864,14
16865,2
16866,7
16867,5
16868,5
16869,1
16870,12
16871,6
16872,15
16873,2
16874,18
16875,15
16876,3
16877,18
16878,10
16879,3
16880,6
16881,7
16882,9
16883,8
16884,4
16885,16
16886,9
16887,1
16888,19
16889,7
16890,11
16891,8
16892,18
16893,2
16894,7
16895,11
16896,17
16897,7
16898,8
16899,4
16900,7
16901,2
16902,17
16903,6
16904,13
16905,5
16906,1
16907,5
16908,4
16909,11
16910,16
16911,4
16912,7
16913,5
16914,10
16915,16
16916,3
16917,10
16918,17
16919,17
16920,17
16921,9
16922,4
16923,9
16924,18
16925,10
16926,19
16927,15
16928,16
16929,16
16930,20
16931,16
16932,10
16933,18
16934,3
16935,14
16936,19
16937,19
16938,7
16939,13
16940,6
16941,18
16942,4
16943,6
16944,6
16945,11
16946,11
16947,16
16948,5
16949,4
16950,11
16951,1
16952,19
16953,20
16954,7
16955,15
16956,11
16957,9
16958,5
16959,4
16960,17
16961,8
16962,8
16963,12
16964,8
16965,8
16966,16
16967,1
16968,17
16969,12
16970,4
16971,8
16972,11
16973,19
16974,12
16975,16
16976,7
16977,18
16978,17
16979,17
16980,15
16981,8
16982,10
16983,18
16984,20
16985,8
16986,9
16987,2
16988,10
16989,3
16990,10
16991,2
16992,7
16993,3
16994,16
16995,15
16996,2
16997,10
16998,7
16999,14
17000,8
17001,13
17002,16
17003,8
17004,6
17005,17
17006,1
17007,12
17008,18
17009,8
17010,1
17011,4
17012,1
17013,19
17014,10
17015,6
17016,15
17017,4
17018,7
17019,15
17020,12
17021,2
17022,15
17023,16
17024,11
17025,4
17026,17
17027,17
17028,18
17029,4
17030,10
17031,2
17032,4
17033,14
17034,2
17035,6
17036,9
17037,13
17038,4
17039,8
17040,10
17041,13
17042,11
17043,12
17044,10
17045,14
17046,14
17047,19
17048,2
17049,4
17050,2
17051,10
17052,11
17053,15
17054,18
17055,12
17056,13
17057,6
17058,12
17059,4
17060,4
17061,5
17062,18
17063,15
17064,19
17065,8
17066,7
17067,3
17068,9
17069,19
17070,11
17071,7
17072,6
17073,15
17074,10
17075,7
17076,7
17077,4
17078,12
17079,19
17080,3
17081,15
17082,18
17083,16
17084,17
17085,13
17086,16
17087,1
17088,1
17089,2
17090,5
17091,10
17092,8
17093,8
17094,1
17095,19
17096,17
17097,12
17098,1
17099,2
17100,8
17101,8
17102,17
17103,5
17104,19
17105,14
17106,5
17107,18
17108,8
17109,9
17110,5
17111,12
17112,5
17113,12
17114,4
17115,13
17116,19
17117,5
17118,18
17119,3
17120,16
17121,8
17122,9
17123,16
17124,9
17125,10
17126,15
17127,18
17128,16
17129,2
17130,20
17131,7
17132,19
17133,6
17134,9
17135,15
17136,11
17137,8
17138,16
17139,15
17140,1
17141,2
17142,16
17143,8
17144,3
17145,16
17146,11
17147,10
17148,4
17149,10
17150,10
17151,14
17152,3
17153,7
17154,4
17155,10
17156,8
17157,13
17158,18
17159,12
17160,1
17161,16
17162,2
17163,11
17164,3
17165,13
17166,14
17167,7
17168,13
17169,14
17170,14
17171,15
17172,17
17173,11
17174,11
17175,11
17176,7
17177,18
17178,5
17179,12
17180,20
17181,18
17182,2
17183,9
17184,14
17185,17
17186,3
17187,16
17188,8
17189,16
17190,4
17191,17
17192,4
17193,13
17194,18
17195,8
17196,10
17197,19
17198,7
17199,17
17200,12
17201,10
17202,2
17203,15
17204,10
17205,4
17206,19
17207,13
17208,6
17209,11
17210,16
17211,5
17212,17
17213,19
17214,3
17215,14
17216,16
17217,13
17218,18
17219,20
17220,15
17221,11
17222,6
17223,1
17224,9
17225,18
17226,5
17227,12
17228,17
17229,7
17230,8
17231,5
17232,14
17233,16
17234,7
17235,16
17236,14
17237,16
17238,9
17239,8
17240,19
17241,10
17242,7
17243,10
17244,13
17245,10
17246,4
17247,14
17248,18
17249,7
17250,19
17251,12
17252,11
17253,3
17254,6
17255,4
17256,2
17257,15
17258,2
17259,7
17260,12
17261,1
17262,11
17263,7
17264,17
17265,12
17266,16
17267,15
17268,9
17269,15
17270,10
17271,16
17272,10
17273,16
17274,2
17275,16
17276,19
17277,5
17278,12
17279,4
17280,12
17281,15
17282,19
17283,5
17284,8
17285,14
17286,13
17287,10
17288,2
17289,14
17290,6
17291,10
17292,16
17293,8
17294,3
17295,2
17296,3
17297,13
17298,4
17299,12
17300,13
17301,16
17302,20
17303,2
17304,5
17305,6
17306,6
17307,8
17308,5
17309,8
17310,17
17311,4
17312,10
17313,5
17314,16
17315,13
17316,11
17317,14
17318,9
17319,4
17320,10
17321,11
17322,17
17323,4
17324,15
17325,5
17326,11
17327,12
17328,16
17329,1
17330,15
17331,18
17332,7
17333,3
17334,12
17335,18
17336,2
17337,15
17338,5
17339,14
17340,2
17341,1
17342,9
17343,4
17344,20
17345,13
17346,13
17347,7
17348,7
17349,1
17350,3
17351,18
17352,9
17353,3
17354,5
17355,9
17356,12
17357,15
17358,9
17359,7
17360,1
17361,7
17362,6
17363,7
17364,9
17365,12
17366,7
17367,11
17368,1
17369,1
17370,13
17371,15
17372,19
17373,13
17374,5
17375,17
17376,10
17377,5
17378,1
17379,3
17380,8
17381,14
17382,6
17383,8
17384,3
17385,10
17386,15
17387,8
17388,7
17389,16
17390,16
17391,13
17392,3
17393,17
17394,9
17395,7
17396,7
17397,13
17398,11
17399,17
17400,4
17401,13
17402,11
17403,10
17404,7
17405,5
17406,5
17407,18
17408,5
17409,15
17410,10
17411,11
17412,5
17413,16
17414,11
17415,12
17416,4
17417,12
17418,16
17419,7
17420,10
17421,12
17422,12
17423,3
17424,18
17425,20
17426,16
17427,16
17428,9
17429,3
17430,7
17431,9
17432,17
17433,3
17434,18
17435,3
17436,16
17437,16
17438,17
17439,7
17440,12
17441,15
17442,2
17443,1
17444,14
17445,5
17446,15
17447,5
17448,5
17449,7
17450,8
17451,16
17452,8
17453,18
17454,12
17455,11
17456,16
17457,12
17458,3
17459,19
17460,5
17461,11
17462,1
17463,20
17464,11
17465,8
17466,19
17467,15
17468,18
17469,11
17470,7
17471,6
17472,2
17473,10
17474,5
17475,10
17476,3
17477,6
17478,10
17479,14
17480,8
17481,18
17482,7
17483,13
17484,12
17485,2
17486,14
17487,18
17488,6
17489,7
17490,1
17491,11
17492,5
17493,17
17494,5
17495,12
17496,14
17497,9
17498,17
17499,1
17500,12
17501,8
17502,17
17503,5
17504,10
17505,19
17506,11
17507,13
17508,11
17509,7
17510,17
17511,19
17512,1
17513,15
17514,18
17515,8
17516,10
17517,13
17518,14
17519,10
17520,8
17521,12
17522,11
17523,14
17524,12
17525,9
17526,19
17527,1
17528,7
17529,14
17530,9
17531,20
17532,9
17533,20
17534,10
17535,18
17536,11
17537,12
17538,16
17539,6
17540,8
17541,10
17542,12
17543,14
17544,1
17545,11
17546,16
17547,1
17548,17
17549,8
17550,13
17551,6
17552,15
17553,19
17554,15
17555,9
17556,7
17557,5
17558,16
17559,16
17560,8
17561,9
17562,2
17563,7
17564,2
17565,16
17566,15
17567,7
17568,1
17569,16
17570,6
17571,11
17572,14
17573,1
17574,5
17575,18
17576,20
17577,15
17578,9
17579,8
17580,17
17581,18
17582,6
17583,10
17584,7
17585,18
17586,13
17587,1
17588,4
17589,8
17590,3
17591,18
17592,17
17593,14
17594,13
17595,16
17596,4
17597,7
17598,10
17599,9
17600,6
17601,4
17602,11
17603,1
17604,10
17605,10
17606,4
17607,20
17608,9
17609,16
17610,17
17611,18
17612,15
17613,17
17614,16
17615,7
17616,20
17617,17
17618,18
17619,10
17620,17
17621,1
17622,7
17623,10
17624,10
17625,7
17626,19
17627,1
17628,17
17629,1
17630,17
17631,3
17632,8
17633,15
17634,14
17635,19
17636,7
17637,10
17638,3
17639,13
17640,9
17641,16
17642,13
17643,20
17644,3
17645,14
17646,8
17647,3
17648,6
17649,10
17650,6
17651,1
17652,5
17653,9
17654,16
17655,18
17656,1
17657,5
17658,17
17659,19
17660,4
17661,12
17662,5
17663,16
17664,18
17665,5
17666,4
17667,17
17668,9
17669,14
17670,11
17671,1
17672,14
17673,6
17674,8
17675,2
17676,12
17677,13
17678,17
17679,13
17680,15
17681,17
17682,2
17683,9
17684,5
17685,18
17686,5
17687,12
17688,3
17689,16
17690,15
17691,18
17692,12
17693,12
17694,16
17695,13
17696,3
17697,7
17698,14
17699,11
17700,6
17701,7
17702,9
17703,15
17704,7
17705,12
17706,20
17707,13
17708,18
17709,10
17710,12
17711,4
17712,10
17713,16
17714,3
17715,12
17716,4
17717,10
17718,9
17719,4
17720,6
17721,17
17722,7
17723,16
17724,6
17725,19
17726,2
17727,16
17728,14
17729,14
17730,14
17731,3
17732,12
17733,13
17734,5
17735,18
17736,15
17737,1
17738,6
17739,19
17740,11
17741,15
17742,3
17743,4
17744,6
17745,7
17746,19
17747,10
17748,3
17749,20
17750,18
17751,10
17752,8
17753,4
17754,16
17755,15
17756,4
17757,8
17758,8
17759,19
17760,11
17761,11
17762,12
17763,15
17764,10
17765,12
17766,5
17767,10
17768,19
17769,3
17770,15
17771,20
17772,13
17773,10
17774,11
17775,12
17776,17
17777,8
17778,19
17779,14
17780,15
17781,5
17782,8
17783,15
17784,7
17785,10
17786,8
17787,20
17788,11
17789,14
17790,4
17791,3
17792,11
17793,2
17794,3
17795,15
17796,7
17797,4
17798,1
17799,7
17800,14
17801,3
17802,7
17803,2
17804,18
17805,7
17806,11
17807,6
17808,2
17809,2
17810,12
17811,9
17812,14
17813,15
17814,16
17815,6
17816,13
17817,17
17818,14
17819,20
17820,5
17821,2
17822,3
17823,19
17824,5
17825,8
17826,6
17827,11
17828,9
17829,17
17830,4
17831,1
17832,2
17833,15
17834,4
17835,9
17836,5
17837,19
17838,10
17839,2
17840,12
17841,8
17842,5
17843,6
17844,11
17845,8
17846,6
17847,10
17848,15
17849,1
17850,20
17851,15
17852,9
17853,5
17854,9
17855,8
17856,7
17857,19
17858,10
17859,11
17860,10
17861,5
17862,4
17863,5
17864,6
17865,17
17866,14
17867,6
17868,8
17869,19
17870,8
17871,13
17872,4
17873,11
17874,15
17875,6
17876,11
17877,15
17878,14
17879,2
17880,11
17881,11
17882,14
17883,18
17884,3
17885,13
17886,13
17887,8
17888,4
17889,20
17890,18
17891,11
17892,8
17893,9
17894,19
17895,15
17896,13
17897,14
17898,13
17899,15
17900,10
17901,12
17902,18
17903,3
17904,10
17905,1
17906,11
17907,15
17908,5
17909,4
17910,5
17911,18
17912,11
17913,13
17914,10
17915,1
17916,7
17917,3
17918,5
17919,5
17920,7
17921,7
17922,2
17923,4
17924,16
17925,9
17926,16
17927,9
17928,3
17929,8
17930,13
17931,20
17932,11
17933,17
17934,4
17935,14
17936,16
17937,14
17938,15
17939,17
17940,12
17941,13
17942,16
17943,14
17944,5
17945,20
17946,9
17947,1
17948,8
17949,16
17950,7
17951,18
17952,9
17953,7
17954,16
17955,17
17956,5
17957,9
17958,2
17959,7
17960,13
17961,3
17962,17
17963,10
17964,11
17965,14
17966,14
17967,6
17968,4
17969,13
17970,13
17971,14
17972,6
17973,6
17974,11
17975,4
17976,7
17977,14
17978,6
17979,11
17980,9
17981,1
17982,1
17983,17
17984,19
17985,9
17986,6
17987,14
17988,18
17989,4
17990,6
17991,12
17992,9
17993,18
17994,17
17995,6
17996,7
17997,16
17998,1
17999,14
18000,6
18001,7
18002,13
18003,5
18004,2
18005,13
18006,9
18007,4
18008,19
18009,18
18010,16
18011,15
18012,4
18013,3
18014,14
18015,20
18016,19
18017,5
18018,19
18019,6
18020,3
18021,11
18022,11
18023,9
18024,2
18025,4
18026,8
18027,12
18028,9
18029,3
18030,18
18031,11
18032,8
18033,9
18034,8
18035,8
18036,7
18037,13
18038,4
18039,6
18040,2
18041,15
18042,4
18043,15
18044,12
18045,3
18046,10
18047,19
18048,17
18049,10
18050,8
18051,9
18052,19
18053,15
18054,17
18055,12
18056,11
18057,19
18058,2
18059,7
18060,8
18061,1
18062,14
18063,15
18064,16
18065,20
18066,19
18067,3
18068,5
18069,2
18070,3
18071,18
18072,11
18073,11
18074,11
18075,14
18076,3
18077,8
18078,8
18079,5
18080,2
18081,10
18082,4
18083,11
18084,11
18085,19
18086,9
18087,20
18088,5
18089,2
18090,1
18091,17
18092,19
18093,9
18094,6
18095,17
18096,6
18097,2
18098,15
18099,19
18100,5
18101,19
18102,12
18103,16
18104,16
18105,13
18106,10
18107,16
18108,13
18109,5
18110,7
18111,1
18112,3
18113,7
18114,11
18115,12
18116,5
18117,13
18118,8
18119,1
18120,10
18121,1
18122,5
18123,12
18124,18
18125,4
18126,11
18127,15
18128,12
18129,4
18130,9
18131,13
18132,4
18133,7
18134,8
18135,16
18136,5
18137,7
18138,2
18139,16
18140,12
18141,16
18142,13
18143,2
18144,16
18145,19
18146,6
18147,17
18148,12
18149,5
18150,16
18151,18
18152,2
18153,11
18154,10
18155,7
18156,4
18157,6
18158,18
18159,8
18160,3
18161,6
18162,12
18163,11
18164,1
18165,18
18166,3
18167,20
18168,14
18169,2
18170,16
18171,2
18172,3
18173,2
18174,7
18175,16
18176,20
18177,11
18178,17
18179,14
18180,2
18181,2
18182,14
18183,4
18184,4
18185,7
18186,10
18187,16
18188,1
18189,11
18190,5
18191,15
18192,8
18193,6
18194,11
18195,20
18196,6
18197,13
18198,18
18199,13
18200,4
18201,9
18202,13
18203,18
18204,18
18205,8
18206,12
18207,8
18208,12
18209,6
18210,7
18211,13
18212,5
18213,16
18214,2
18215,12
18216,14
18217,10
18218,3
18219,10
18220,13
18221,5
18222,20
18223,15
18224,19
18225,2
18226,4
18227,12
18228,10
18229,1
18230,5
18231,20
18232,12
18233,19
18234,8
18235,8
18236,3
18237,20
18238,8
18239,7
18240,11
18241,2
18242,15
18243,11
18244,9
18245,5
18246,6
18247,8
18248,11
18249,3
18250,14
18251,16
18252,3
18253,18
18254,9
18255,16
18256,1
18257,19
18258,7
18259,1
18260,14
18261,5
18262,10
18263,16
18264,2
18265,4
18266,8
18267,11
18268,6
18269,2
18270,13
18271,1
18272,7
18273,14
18274,14
18275,16
18276,17
18277,4
18278,11
18279,17
18280,13
18281,18
18282,10
18283,1
18284,6
18285,17
18286,16
18287,1
18288,14
18289,7
18290,2
18291,7
18292,17
18293,3
18294,7
18295,9
18296,13
18297,4
18298,18
18299,16
18300,16
18301,15
18302,9
18303,1
18304,12
18305,1
18306,4
18307,7
18308,15
18309,4
18310,18
18311,8
18312,8
18313,14
18314,17
18315,5
18316,15
18317,17
18318,16
18319,7
18320,15
18321,8
18322,9
18323,15
18324,4
18325,14
18326,4
18327,11
18328,4
18329,15
18330,19
18331,10
18332,12
18333,12
18334,9
18335,10
18336,9
18337,15
18338,16
18339,2
18340,11
18341,2
18342,7
18343,15
18344,8
18345,20
18346,17
18347,13
18348,13
18349,8
18350,1
18351,9
18352,4
18353,11
18354,15
18355,10
18356,13
18357,17
18358,10
18359,11
18360,17
18361,18
18362,9
18363,16
18364,17
18365,16
18366,2
18367,8
18368,7
18369,6
18370,1
18371,15
18372,10
18373,18
18374,1
18375,9
18376,20
18377,20
18378,18
18379,11
18380,12
18381,4
18382,8
18383,20
18384,18
18385,12
18386,11
18387,1
18388,11
18389,1
18390,3
18391,16
18392,7
18393,3
18394,6
18395,2
18396,14
18397,9
18398,2
18399,4
18400,11
18401,10
18402,17
18403,9
18404,13
18405,9
18406,14
18407,1
18408,1
18409,19
18410,14
18411,13
18412,5
18413,17
18414,18
18415,20
18416,17
18417,15
18418,2
18419,18
18420,12
18421,5
18422,14
18423,7
18424,8
18425,11
18426,20
18427,1
18428,11
18429,4
18430,3
18431,10
18432,2
18433,8
18434,3
18435,7
18436,15
18437,7
18438,18
18439,11
18440,19
18441,6
18442,7
18443,14
18444,14
18445,12
18446,8
18447,5
18448,6
18449,2
18450,12
18451,15
18452,11
18453,1
18454,8
18455,7
18456,15
18457,8
18458,19
18459,8
18460,8
18461,2
18462,9
18463,13
18464,13
18465,7
18466,6
18467,8
18468,13
18469,15
18470,9
18471,16
18472,10
18473,17
18474,5
18475,6
18476,16
18477,3
18478,1
18479,15
18480,19
18481,13
18482,10
18483,14
18484,11
18485,3
18486,7
18487,14
18488,19
18489,2
18490,2
18491,14
18492,15
18493,18
18494,8
18495,18
18496,20
18497,17
18498,14
18499,19
18500,10
18501,19
18502,13
18503,20
18504,7
18505,2
18506,14
18507,10
18508,9
18509,18
18510,1
18511,11
18512,12
18513,1
18514,14
18515,11
18516,17
18517,14
18518,10
18519,13
18520,4
18521,12
18522,8
18523,8
18524,5
18525,2
18526,8
18527,12
18528,3
18529,13
18530,1
18531,9
18532,5
18533,11
18534,13
18535,9
18536,7
18537,1
18538,15
18539,4
18540,19
18541,7
18542,3
18543,12
18544,8
18545,15
18546,16
18547,10
18548,17
18549,16
18550,10
18551,10
18552,10
18553,5
18554,10
18555,11
18556,5
18557,9
18558,6
18559,18
18560,19
18561,7
18562,10
18563,20
18564,8
18565,15
18566,6
18567,13
18568,5
18569,2
18570,17
18571,7
18572,15
18573,1
18574,2
18575,1
18576,14
18577,17
18578,15
18579,17
18580,20
18581,13
18582,2
18583,16
18584,5
18585,17
18586,19
18587,13
18588,8
18589,3
18590,3
18591,11
18592,5
18593,4
18594,3
18595,7
18596,10
18597,12
18598,2
18599,17
18600,13
18601,6
18602,2
18603,3
18604,10
18605,8
18606,20
18607,1
18608,6
18609,10
18610,14
18611,10
18612,9
18613,1
18614,9
18615,12
18616,11
18617,16
18618,19
18619,17
18620,11
18621,13
18622,1
18623,4
18624,18
18625,14
18626,14
18627,18
18628,13
18629,4
18630,16
18631,17
18632,13
18633,20
18634,5
18635,10
18636,10
18637,5
18638,9
18639,4
18640,17
18641,10
18642,5
18643,13
18644,8
18645,9
18646,1
18647,19
18648,10
18649,3
18650,13
18651,9
18652,3
18653,17
18654,19
18655,1
18656,18
18657,2
18658,4
18659,6
18660,17
18661,18
18662,2
18663,18
18664,16
18665,16
18666,6
18667,17
18668,15
18669,15
18670,12
18671,19
18672,12
18673,7
18674,11
18675,10
18676,8
18677,15
18678,14
18679,16
18680,12
18681,13
18682,5
18683,15
18684,14
18685,14
18686,17
18687,20
18688,5
18689,18
18690,6
18691,8
18692,14
18693,18
18694,8
18695,19
18696,10
18697,8
18698,3
18699,2
18700,1
18701,4
18702,9
18703,14
18704,17
18705,9
18706,12
18707,16
18708,5
18709,14
18710,9
18711,10
18712,11
18713,6
18714,5
18715,10
18716,7
18717,11
18718,4
18719,4
18720,9
18721,13
18722,17
18723,5
18724,8
18725,18
18726,4
18727,11
18728,14
18729,2
18730,9
18731,14
18732,8
18733,4
18734,14
18735,19
18736,4
18737,13
18738,16
18739,4
18740,10
18741,20
18742,18
18743,7
18744,18
18745,14
18746,16
18747,1
18748,8
18749,7
18750,6
18751,3
18752,4
18753,7
18754,7
18755,14
18756,2
18757,4
18758,4
18759,6
18760,2
18761,13
18762,10
18763,10
18764,18
18765,4
18766,8
18767,14
18768,17
18769,16
18770,18
18771,17
18772,19
18773,11
18774,16
